,summary,date
0,"Ownership Submission FORM 4 Check this box if no longer... | September 21, 2022",2022-09-21
1,"Shares of Everest Re Group Ltd. shed 4.42% to $271.46 Tuesday, on what proved to be an all-around grim trading session for the stock market, with the S&P 500...",2022-09-20
2,"Shares of Everest Re Group Ltd. inched 0.34% higher to $284.02 Monday, on what proved to be an all-around great trading session for the stock market, with...",2022-09-19
3,"Segmental strength, a solid capital position and favorable growth estimates make Everest Re (RE) stock worth adding to one's portfolio.",2022-09-19
4,"Here at Zacks, our focus is on the proven Zacks Rank system, which emphasizes earnings estimates and estimate revisions to find great stocks. Nevertheless, we are always paying attention to the latest value, growth, and momentum trends to underscore strong picks.",2022-09-19
5,"W. R. Berkley, Unum Group, Arch Capital Group, Everest Re Group and Berkshire Hathaway are included in this Analyst Blog.",2022-09-19
6,"HAMILTON, Bermuda, September 16, 2022--Everest Re Group, Ltd. (""Everest"") (NYSE: RE) will hold its third quarter 2022 earnings conference call on Thursday, October 27, 2022, beginning at 8:00 am Eastern Time.",2022-09-16
7,"We have narrowed our search to five insurers that have strong growth potential for the rest of 2022. These are: BRK.B, WRB, UNM, ACGL and RE.",2022-09-16
8,"WARREN, New Jersey - September 15, 2022 - Everest Reinsurance, the reinsurance division of Everest Re Group, Ltd. today announced the promotions of two key leadership roles in its... | September 15, 2022",2022-09-15
9,"Here at Zacks, our focus is on the proven Zacks Rank system, which emphasizes earnings estimates and estimate revisions to find great stocks. Nevertheless, we are always paying attention to the latest value, growth, and momentum trends to underscore strong picks.",2022-09-13
10,Let's see how Everest Re (RE) and RenaissanceRe (RNR) fare in terms of some of the key metrics.,2022-09-12
11,"Shares of Everest Re Group Ltd. slipped 0.99% to $282.69 Friday, on what proved to be an all-around great trading session for the stock market, with the S&P...",2022-09-09
12,"WARREN, New Jersey - September 9, 2022 -- Everest Reinsurance, the reinsurance division of Everest Re Group, Ltd. today announced Catherine Rudow will join the company as Global Head of Cyber... | September 9, 2022",2022-09-09
13,"Shares of Everest Re Group Ltd. rallied 1.46% to $285.53 Thursday, on what proved to be an all-around great trading session for the stock market, with the...",2022-09-08
14,"Insurance Conference to b... MMC, PFG, PLMR, PRI, RE, RGA, RLI, RYAN, JXN, JRVR, HMN, HIPO, HIG, HGTY, GSHD, EQH, AIG, AFL, AFG, AEL, ACGL, CNO, DGICA, EIG, LMND, LNC, MET, SIGI, THG",2022-09-08
15,"Shares of Everest Re Group Ltd. rallied 2.56% to $281.42 Wednesday, on what proved to be an all-around positive trading session for the stock market, with...",2022-09-07
16,"Insurance Conference to b... MMC, PFG, PLMR, PRI, RE, RGA, RLI, RYAN, JXN, JRVR, HMN, HIPO, HIG, HGTY, GSHD, EQH, AIG, AFL, AFG, AEL, ACGL, CNO, DGICA, EIG, LMND, LNC, MET, SIGI, THG",2022-09-07
17,"Shares of Everest Re Group Ltd. inched 0.14% higher to $274.40 Tuesday, on what proved to be an all-around dismal trading session for the stock market, with...",2022-09-06
18,"Shares of Everest Re Group Ltd. inched 0.61% higher to $274.01 Friday, on what proved to be an all-around dismal trading session for the stock market, with...",2022-09-02
19,American Financial (AFG) reported earnings 30 days ago. What's next for the stock? We take a look at earnings estimates for some clues.,2022-09-02
20,"Shares of Everest Re Group Ltd. advanced 1.23% to $272.35 Thursday, on what proved to be an all-around favorable trading session for the stock market, with...",2022-09-01
21,"Shares of Everest Re Group Ltd. slipped 0.17% to $269.05 Wednesday, on what proved to be an all-around dismal trading session for the stock market, with the...",2022-08-31
22,"Shares of Everest Re Group Ltd. slumped 0.97% to $269.50 Tuesday, on what proved to be an all-around poor trading session for the stock market, with the S&P...",2022-08-30
23,"WARREN, New Jersey - August 30, 2022 - Everest Reinsurance, the reinsurance division of Everest Re Group, Ltd. today announced Kevin Bogardus will join the company as Senior Vice President,... | August 30, 2022",2022-08-30
24,"Shares of Everest Re Group Ltd. shed 0.29% to $272.13 Monday, on what proved to be an all-around grim trading session for the stock market, with the S&P 500...",2022-08-29
25,"WARREN, New Jersey - August 29, 2022 - Everest Insurance®, the Insurance division of Everest Re Group, Ltd. , today announced key appointments in its U.S. Wholesale division. Casey... | August 29, 2022",2022-08-29
26,"Shares of Everest Re Group Ltd. slipped 1.41% to $272.92 Friday, on what proved to be an all-around grim trading session for the stock market, with the S&P...",2022-08-26
27,"Shares of Everest Re Group Ltd. rose 1.14% to $276.83 Thursday, on what proved to be an all-around favorable trading session for the stock market, with the...",2022-08-25
28,"Shares of Everest Re Group Ltd. inched 0.38% higher to $273.71 Wednesday, on what proved to be an all-around positive trading session for the stock market,...",2022-08-24
29,"Shares of Everest Re Group Ltd. slid 0.12% to $272.67 Tuesday, on what proved to be an all-around dismal trading session for the stock market, with the S&P...",2022-08-23
30,"Shares of Everest Re Group Ltd. slipped 2.43% to $274.66 Monday, on what proved to be an all-around dismal trading session for the stock market, with the S&P...",2022-08-22
31,"WARREN, New Jersey - August 22, 2022 - Everest Insurance®, the Insurance division of Everest Re Group, Ltd. today announced that Paul Trueman has joined as Head of Aviation for its... | August 22, 2022",2022-08-22
32,"Shares of Everest Re Group Ltd. shed 0.24% to $281.50 Friday, on what proved to be an all-around poor trading session for the stock market, with the S&P 500...",2022-08-19
33,"Everest Re Group, Ltd. ( NYSE:RE ) is about to trade ex-dividend in the next three days. The ex-dividend date is one...",2022-08-19
34,"dividend channel,RE,SLF,AFL,",2022-08-19
35,"Everest Re (RE) is poised to grow due to well-performing Reinsurance and Insurance segments, favorable growth estimates and effective capital deployment.",2022-08-17
36,GuruFocus Article or News written by insider and the topic is about: ,2022-08-15
37,"Ownership Submission FORM 4 Check this box if no longer... | August 11, 2022",2022-08-11
38,"HAMILTON, Bermuda, August 10, 2022--Everest Re Group, Ltd. announced that its Board of Directors declared a dividend of $1.65 per common share payable on or before September 9, 2022 to all shareholders of record as of August 24, 2022.",2022-08-10
39,Looking for some oversold stocks to buy? Here's the 10 most oversold on the S&P 500 for August 2022.,2022-08-10
40,,2022-08-10
41,"Shares of Everest Re Group Ltd. rose 1.53% to $255.66 Friday, on what proved to be an all-around mixed trading session for the stock market, with the Dow...",2022-08-05
42,"HAMILTON, Bermuda, August 05, 2022--Everest Re Group, Ltd. (""Everest"" or the ""Company"") announced today that it has published its Global Loss Triangles for the year ended December 31, 2021.",2022-08-05
43,"August 5, 2022 - Everest Re Group, Ltd. announced today that it has published its Global LossTriangles for the year ended ... | August 5, 2022",2022-08-05
44,"Shares of Everest Re Group Ltd. shed 0.56% to $251.81 Thursday, on what proved to be an all-around poor trading session for the stock market, with the S&P...",2022-08-04
45,"Shares of Everest Re Group Ltd. rallied 1.58% to $253.22 Wednesday, on what proved to be an all-around positive trading session for the stock market, with...",2022-08-03
46,"Shares of Everest Re Group Ltd. slipped 1.22% to $249.28 Tuesday, on what proved to be an all-around dismal trading session for the stock market, with the...",2022-08-02
47,"Shares of Everest Re Group Ltd. slid 3.44% to $252.36 Monday, on what proved to be an all-around poor trading session for the stock market, with the S&P 500...",2022-08-01
48,"Shares of Everest Re Group Ltd. rose 1.20% to $261.35 Friday, on what proved to be an all-around great trading session for the stock market, with the S&P 500...",2022-07-29
49,"Shares of Everest Re Group Ltd. shed 4.74% to $258.26 Thursday, on what proved to be an all-around favorable trading session for the stock market, with the...",2022-07-28
50,"Everest Re Group, Ltd. (NYSE:NYSE:RE) Q2 2022 Earnings Conference Call July 28, 2022 08:00 AM ET Company Participants Matt Rohrmann - Senior Vice President, Head of Investor Relations Juan...",2022-07-28
51,These are the stocks posting the largest moves in midday trading. ,2022-07-28
52,Everest Re (RE) Q2 results reflect higher premiums and margins in both the segments. An active cat environment induced deterioration in the combined ratio.,2022-07-28
53,"CNBC's 'Squawk Box' team breaks down the latest earnings results from Comcast, which beat analysts' expectations on the top and bottom lines.",2022-07-28
54,"The stocks making the biggest moves in premarket trading include Stanley Black & Decker, Southwest Airlines, Harley-Davidson, and more.",2022-07-28
55,"Everest Re (RE) delivered earnings and revenue surprises of 7.94% and 2.77%, respectively, for the quarter ended June 2022. Do the numbers hold clues to what lies ahead for the stock?",2022-07-27
56,"HAMILTON, Bermuda, July 27, 2022--Everest Re Group, Ltd. (""Everest"" or the ""Group"") today reported its second quarter 2022 results.",2022-07-27
57,"Shares of Everest Re Group Ltd. slumped 0.26% to $271.12 Wednesday, on what proved to be an all-around great trading session for the stock market, with the...",2022-07-27
58,"HAMILTON, Bermuda _ Everest Re Group Ltd. on Wednesday reported second-quarter profit of $123 million. The Hamilton, Bermuda-based company said it had profit of $3.11 per share.... | July 27, 2022",2022-07-27
59,"In a report released today, Elyse Gr...",2022-07-27
60,Everest Re Group Presiden... RE,2022-07-27
61,"Shares of Everest Re Group Ltd. slipped 0.73% to $271.82 Tuesday, on what proved to be an all-around poor trading session for the stock market, with the S&P...",2022-07-26
62,"Better pricing, solid retention and renewals, exposure growth and accelerated digitalization partly weighed on by active catastrophe likely have aided second quarter results of P&C insurers like RE, CINF and ACGL.",2022-07-26
63,"Shares of Everest Re Group Ltd. inched 0.69% higher to $273.81 Monday, on what proved to be an all-around great trading session for the stock market, with...",2022-07-25
64,"Sesame sells the systems for anywhere from $100,000 to $300,000, or more for larger installations like a full medical clinic. ",2022-07-25
65,Consensus is for FY22 FFO... RE,2022-07-25
66,"There's a head spinning amount of news for markets to navigate in the week ahead, the biggest of which will be the Federal Reserve's mid-week meeting.",2022-07-22
67,"Everest Re's (RE) Q2 results are likely to benefit from strong renewal retention and new business and growth in Casualty and financial lines, offset by lower limited partnership income",2022-07-22
68,Everest Re (RE) doesn't possess the right combination of the two key ingredients for a likely earnings beat in its upcoming report. Get prepared with the key expectations.,2022-07-20
69,"""Knock at the Cabin,"" a new film by director M. Night Shyamalan, is the first adaptation of one of Paul Tremblay's horror novels.",2022-07-16
70,"Shares of Everest Re Group Ltd. inched 0.02% higher to $263.18 Friday, on what proved to be an all-around favorable trading session for the stock market,...",2022-07-15
71,"Ride-related injuries dropped by more than 60% between 2004 and 2019, according to the International Association of Amusement Parks and Attractions.",2022-07-15
72,"Shares of Everest Re Group Ltd. slipped 4.98% to $263.14 Thursday, on what proved to be an all-around dismal trading session for the stock market, with the...",2022-07-14
73,"Dividends are one of the best benefits to being a shareholder, but finding a great dividend stock is no easy task. Does Everest Re (RE) have what it takes? Let's find out.",2022-07-14
74,"CNBC obtained a list of nearly 20 corporations and trade groups that RSVP'd to attend a swanky, three-day retreat at the Breakers resort starting Sunday.",2022-07-14
75,"Group 1 Automotive, Westlake Chemical, Everest Re Group, ArcBest and Campbell Soup are part of Zacks Screen of the Week article.",2022-07-14
76,"Shares of Everest Re Group Ltd. inched 0.03% higher to $276.93 Wednesday, on what proved to be an all-around poor trading session for the stock market, with...",2022-07-13
77,The streamer announced in April that it was planning on rolling out an ad-supported tier after years of resisting the move.,2022-07-13
78,"Chubb Limited (CB) is well poised for growth on the back of rate increases, increased dividends on public equities, strategic acquisitions and effective capital deployment.",2022-07-13
79,"Group 1 Automotive (GPI), Westlake Chemical (WLK), Everest Re (RE), ArcBest (ARCB) and Campbell Soup (CPB) offer solid dividend growth and could be compelling picks for investors.",2022-07-13
80,"JPMorgan Chase, M&T Bank, Raymond James Financial, Arch Capital Group, and Everest Re Group are part of Zacks top Analyst Blog.",2022-07-13
81,"Shares of Everest Re Group Ltd. slipped 1.08% to $276.85 Tuesday, on what proved to be an all-around grim trading session for the stock market, with the S&P...",2022-07-12
82,"Everest Re (RE) holds the potential to reap benefits from rate increases, business opportunities, strong premium growth and solid capital position.",2022-07-12
83,"""Succession"" tops the 2022 Emmy Award nominations followed by ""Ted Lasso"" and ""The White Lotus.""",2022-07-12
84,Jefferies analyst Yaron K... RE,2022-07-12
85,"Moviegoers aren't just returning to cinemas, they are spending more on premium tickets and concessions.",2022-07-11
86,"Shares of Everest Re Group Ltd. shed 0.31% to $279.86 Monday, on what proved to be an all-around poor trading session for the stock market, with the S&P 500...",2022-07-11
87,"""Thor: Love and Thunder"" tallied $143 million during its domestic debut, pushing the overall weekend haul to more than $200 million.",2022-07-10
88,"A movie industry panel discusses how it assigns ratings to newly released films, including details about what constitutes an R rating.",2022-07-09
89,Everest Re (RE) could produce exceptional returns because of its solid growth attributes.,2022-07-07
90,"A leading market share in the residential purchase, refinance, and commercial markets, a diversified growth strategy, focused on technological development and solid balance sheet poise Fidelity National (FNF) for growth.",2022-07-06
91,"In an era of flagship streaming services like Disney+ and Peacock, Hulu is caught in the middle. ",2022-07-06
92,"It is hard to get excited after looking at Everest Re Group's (NYSE:RE) recent performance, when its stock has declined...",2022-07-06
93,"'Minions' and 'Toy Story' are among the most popular and profitable franchises for their respective studios — so why did ""Minions"" soar and ""Lightyear"" flop?
",2022-07-05
94,"dividend channel,RE,",2022-07-05
95,"""Minions: The Rise of Gru"" generated more than $108 million in ticket sales during its domestic opening weekend.",2022-07-03
96,Learn why SCHW is the best stock for those looking to invest in financial companies. It’s quietly become one of America’s best-run banks.,2022-07-01
97,"WARREN, New Jersey - June 30, 2022 -Everest Insurance®, the Insurance division of Everest Re Group, Ltd. today announced that Erik Nikodem, President of Global Property, will retire in... | June 30, 2022",2022-06-30
98,"Boyd Gaming, Lithia Motors, Everest Re Group, Jones Lang LaSalle and QuidelOrtho are part of Zacks Screen of the week article.",2022-06-30
99,A publicly traded Starz may look to increase in size by targeting other subscale media and entertainment companies.,2022-06-29
100,"Steady sales growth is the key to survival for a business, even during recessions. Let's check at Boyd Gaming (BYD), Lithia Motors (LAD), Everest Re (RE), Jones Lang LaSalle (JLL) & QuidelOrtho (QDEL) that are recording top-line growth.",2022-06-29
101,"The Kroger, Boise Cascade, Lockheed Martin, Paychex, and Everest Re are part of Zacks Screen of the Week article.",2022-06-29
102,"Staff article entitled Everest Re Group Takes Over #24 Spot From LKQ , about ETFs, from ETF Channel.",2022-06-29
103,"The latest tally of analyst opinions from the major brokerage houses shows that among the components of the S&P 500 index, Everest Re Group is now the #24 analyst pick, moving up by 1 spot - This rank is formed by averaging the analyst opinions for each component from each broker, and then ranking the 500 components by those average opinion values - RE.",2022-06-29
104,A string of solid theatrical performances coupled with a strong slate of upcoming films has left most box office analysts optimistic.,2022-06-29
105,"Investors usually aren't big fans of financial stocks, but if you know how to pick the right ones, it's possible to find safe opportunities.",2022-06-29
106,"Dividends are one of the best benefits to being a shareholder, but finding a great dividend stock is no easy task. Does Everest Re (RE) have what it takes? Let's find out.",2022-06-28
107,"Kroger (KR), Boise Cascade (BCC), Lockheed Martin (LMT), Paychex (PAYX) and Everest Re (RE) could be compelling picks heading into the second half of the year.",2022-06-28
108,"Here at Zacks, our focus is on the proven Zacks Rank system, which emphasizes earnings estimates and estimate revisions to find great stocks. Nevertheless, we are always paying attention to the latest value, growth, and momentum trends to underscore strong picks.",2022-06-27
109,"WARREN, New Jersey - June 27, 2022 -- Everest Reinsurance, the reinsurance division of Everest Re Group, Ltd. today announced that Joe Stuhl has joined the company as Senior Vice President of... | June 27, 2022",2022-06-27
110,"HAMILTON, Bermuda, June 23, 2022--Everest Re Group, Ltd. (""Everest"") (NYSE: RE) will hold its second quarter 2022 earnings conference call on Thursday, July 28, 2022, beginning at 8:00 am Eastern Time.",2022-06-23
111,"HAMILTON, Bermuda, June 22, 2022--Everest Reinsurance, the reinsurance division of Everest Re Group, Ltd. (NYSE: RE) today announced Brent Hoffman will join the company as Senior Vice President, Head of Claims and Chief Operations Officer at the end of July. He will report directly to Jim Williamson, Everest Group Chief Operating Officer and Head of Reinsurance.",2022-06-22
112,"2022 has been a brutal year for the stock market. Year to date, the S&P 500 is down more than 22%. And, there doesn’t seem to be a catalyst to turn things around given that the economy is slowing, and the Fed is embarking on its most aggressive hiking campaign in decades. If inflation was mild, rising credit spreads and plunging asset prices would likely cause the Federal Reserve to take notice. However, in this circumstance, this is not the case. In some respects, the Fed’s tightening is having",2022-06-22
113,"Here at Zacks, our focus is on the proven Zacks Rank system, which emphasizes earnings estimates and estimate revisions to find great stocks. Nevertheless, we are always paying attention to the latest value, growth, and momentum trends to underscore strong picks.",2022-06-21
114,"Pixar's ""Lightyear"" rocketed to a $51 million domestic opening, the best performance of an animated feature since the pandemic began.",2022-06-19
115,"Shares of Everest Re Group Ltd. rallied 1.55% to $269.12 Friday, on what proved to be an all-around mixed trading session for the stock market, with the S&P...",2022-06-17
116,"Whether you're a value, growth, or momentum investor, finding strong stocks becomes easier with the Zacks Style Scores, a top feature of the Zacks Premium research service.",2022-06-17
117,"Shares of Everest Re Group Ltd. slid 3.73% to $265.00 Thursday, on what proved to be an all-around rough trading session for the stock market, with the S&P...",2022-06-16
118,W. R. Berkley's (WRB) dividend hike and special dividend approval reflects its operational excellence and concerted effort to enhance shareholders value.,2022-06-16
119,"AM Best has affirmed the Financial Strength Rating of A+ and the Long-Term Issuer Credit Ratings of 'aa-' of the operating subsidiaries of Everest Re Group, Ltd. .Concurrently, AM Best has... | June 16, 2022",2022-06-16
120,"Shares of Everest Re Group Ltd. inched 0.95% higher to $275.26 Wednesday, on what proved to be an all-around positive trading session for the stock market,...",2022-06-15
121,"Netflix disrupted traditional TV by releasing entire seasons of shows all at once. Now, the model is under scrutiny as the streamer deals with big losses.",2022-06-15
122,Let's see how Everest Re (RE) and Cincinnati Financial (CINF) fare in terms of some of the key metrics.,2022-06-15
123,"Shares of Everest Re Group Ltd. rallied 1.11% to $272.67 Tuesday, on what proved to be an all-around poor trading session for the stock market, with the S&P...",2022-06-14
124,"Everest Re (RE) stands to gain from a solid capital position, double-digit rate increases and renewal rate increases.",2022-06-14
125,"Here at Zacks, our focus is on the proven Zacks Rank system, which emphasizes earnings estimates and estimate revisions to find great stocks. Nevertheless, we are always paying attention to the latest value, growth, and momentum trends to underscore strong picks.",2022-06-14
126,"Shares of Everest Re Group Ltd. slid 3.03% to $269.68 Monday, on what proved to be an all-around dismal trading session for the stock market, with the S&P...",2022-06-13
127,"""Jurassic World: Dominion"" roared to the top of the domestic box office over the weekend, generating more than $143 million in ticket sales during its debut.",2022-06-12
128,"Dividends are one of the best benefits to being a shareholder, but finding a great dividend stock is no easy task. Does Everest Re (RE) have what it takes? Let's find out.",2022-06-10
129,"Better pricing, prudent underwriting, increased exposure, favorable reserve development and a solid capital position help RLI, WRB, KNSL, AXS and RE withstand blows from the catastrophe events.",2022-06-10
130,"dividend channel,RE,",2022-06-10
131,"""Jurassic World: Dominion"" may score to top spot at the domestic box office this weekend, but lackluster critical reviews and word of mouth could stall its potential haul.",2022-06-09
132,"Universal's ""Jurassic World: Dominion"" enters domestic theaters Friday, and it will snag the majority of premium format screens from ""Top Gun: Maverick.""",2022-06-09
133,Looking for stock market analysis and research with proves results? Zacks.com offers in-depth financial research with over 30years of proven results.,2022-06-09
134,Looking for stock market analysis and research with proves results? Zacks.com offers in-depth financial research with over 30years of proven results.,2022-06-08
135,Looking for stock market analysis and research with proves results? Zacks.com offers in-depth financial research with over 30years of proven results.,2022-06-07
136,Looking for stock market analysis and research with proves results? Zacks.com offers in-depth financial research with over 30years of proven results.,2022-06-06
137,"Shares of Everest Re Group Ltd. sank 0.48% to $280.29 Friday, on what proved to be an all-around dismal trading session for the stock market, with the S&P...",2022-06-03
138,"Shares of Everest Re Group Ltd. rallied 1.12% to $281.63 Thursday, on what proved to be an all-around favorable trading session for the stock market, with...",2022-06-02
139,"Shares of Everest Re Group Ltd. shed 1.41% to $278.52 Wednesday, on what proved to be an all-around dismal trading session for the stock market, with the S&P...",2022-06-01
140,"Shares of Everest Re Group Ltd. slid 0.80% to $282.50 Tuesday, on what proved to be an all-around poor trading session for the stock market, with the S&P 500...",2022-05-31
141,"Horace Mann (HMN) estimates generating about $50 million in excess capital annually in 2022 and beyond to support growth initiatives, buy back shares and hike dividends",2022-05-31
142,Netflix's fall from grace has ended the first act of the streaming wars. Act two will determine whether the industry can right itself.,2022-05-29
143,Everest Re (RE) reported earnings 30 days ago. What's next for the stock? We take a look at earnings estimates for some clues.,2022-05-27
144,"Shares of Everest Re Group Ltd. rose 2.00% to $284.79 Friday, on what proved to be an all-around great trading session for the stock market, with the S&P 500...",2022-05-27
145,Looking for stock market analysis and research with proves results? Zacks.com offers in-depth financial research with over 30years of proven results.,2022-05-27
146,"Unum Group's (UNM) recent 10% hike in the dividend reflects its intention to enhance shareholder value, supported by its strong financial position.",2022-05-27
147,"WARREN, New Jersey - May 27, 2022 - Everest Insurance®, the Insurance division of Everest Re Group, Ltd. today announced that it has officially entered the Latin American market after... | May 27, 2022",2022-05-27
148,Looking for stock market analysis and research with proves results? Zacks.com offers in-depth financial research with over 30years of proven results.,2022-05-26
149,"Dividends are one of the best benefits to being a shareholder, but finding a great dividend stock is no easy task. Does Everest Re (RE) have what it takes? Let's find out.",2022-05-25
150,"HAMILTON, Bermuda, May 24, 2022--Everest Re Group, Ltd. (""Everest"" or the ""Company"") (NYSE: RE) announced that David Harris has joined the Company as Senior Vice President, Chief Reserving Actuary, reporting to Everest Group Chief Operating Officer and Head of Reinsurance Jim Williamson. Mr. Harris succeeds Ellen Edmonds. In his role, Mr. Harris will lead Everest’s global reserving strategy, aligning the company’s disciplined pricing, reserving and underwriting functions with its long-term objec",2022-05-24
151,"Wondering how to pick strong, market-beating stocks for your investment portfolio? Look no further than the Zacks Style Scores.",2022-05-24
152,"Former White House press secretary Jen Psaki will join MSNBC this fall in time for the 2022 midterm elections, NBCUniversal confirmed.",2022-05-24
153,"Good morning, trader! We're jumping into trading on Tuesday with an overview of the biggest pre-market stock movers this morning!",2022-05-24
154,"HAMILTON, Bermuda, May 23, 2022--Everest Re Group, Ltd. (""Everest"" or the ""Company"") (NYSE: RE) announced that Matthew Rohrmann has joined the Company as Senior Vice President, Head of Investor Relations reporting directly to Everest Executive Vice President & CFO Mark Kociancic. He succeeds Jon Levenson. Matt will be focused on deepening Everest’s engagement with the financial community, strategic planning and market analysis, and will also be responsible for ratings agency interactions.",2022-05-23
155,Virtual Meeting to be hel... RE,2022-05-23
156,"Shares of Everest Re Group Ltd. shed 2.09% to $270.57 Friday, on what proved to be an all-around favorable trading session for the stock market, with the S&P...",2022-05-20
157,"Chubb's (CB) dividend hike and share buyback program reflect its strong capital position, with sufficient cash generation capabilities supported by underwriting and investment performance.",2022-05-20
158,"Shares of Everest Re Group Ltd. slipped 1.44% to $276.34 Thursday, on what proved to be an all-around dismal trading session for the stock market, with the...",2022-05-19
159,"Shares of Everest Re Group Ltd. shed 3.16% to $280.39 Wednesday, on what proved to be an all-around rough trading session for the stock market, with the S&P...",2022-05-18
160,"Everest Re (RE) possesses solid growth attributes, which could help it handily outperform the market.",2022-05-18
161,"Whether you're a value, growth, or momentum investor, finding strong stocks becomes easier with the Zacks Style Scores, a top feature of the Zacks Premium research service.",2022-05-18
162,"Shares of Everest Re Group Ltd. rose 2.53% to $289.53 Tuesday, on what proved to be an all-around great trading session for the stock market, with the S&P...",2022-05-17
163,"Shares of Everest Re Group Ltd. inched 0.84% higher to $282.38 Monday, on what proved to be an all-around mixed trading session for the stock market, with...",2022-05-16
164,"Everest Re (RE) is poised to benefit from improving premium, effective capital deployment and solid capital position.",2022-05-16
165,Leslie Picker joins the 'Halftime Report' to discuss what to expect from the SEC 13-F filings.,2022-05-16
166,The same strategies for buying stocks during a bull market don't apply during a recession. Learn what you need to do going forward.,2022-05-16
167,Virtual Meeting to be hel... RE,2022-05-16
168,"Shares of Everest Re Group Ltd. rallied 2.20% to $280.02 Friday, on what proved to be an all-around positive trading session for the stock market, with the...",2022-05-13
169,"Everest Re's (RE) recent 6.4% hike in dividend reflects its intention to enhance shareholders' value, supported by its strong financial position.",2022-05-13
170,"Union Pacific (UNP) voted to increase the quarterly dividend on the Company's common shares by 10% to $1.30 per share. The dividend is payable June 30, 2022, to shareholders of record May 31, 2022.",2022-05-13
171,"HAMILTON, Bermuda, May 12, 2022--Everest Re Group, Ltd. announced that its Board of Directors declared an increase in the regular quarterly dividend from $1.55 to $1.65 per common share. This dividend will be payable on or before June 17, 2022 to all shareholders of record as of May 25, 2022.",2022-05-12
172,"By Colin Kellaher Everest Re Group Ltd. on Thursday said its board raised the quarterly dividend by 6.5%, to $1.65 from $1.55. The new payout, equal to $6.60...",2022-05-12
173,Everest Re announced that... RE,2022-05-12
174,"Westlake, Boise Cascade, Target, Everest Re Group, and Progress Software are part of the Screen of the Week article.",2022-05-12
175,"dividend channel,RE,",2022-05-12
176,"Westlake (WLK), Boise Cascade (BCC), Target (TGT), Everest Re (RE) and Progress Software (PRGS) could be cheap compelling picks amid market volatility.",2022-05-11
177,"The news means that tens of millions of households could receive high-speed internet at no cost, according to the White House.",2022-05-09
178,"The main point of investing for the long term is to make money. Furthermore, you'd generally like to see the share...",2022-05-06
179,"Industry Conditions.The worldwide reinsurance and insurance businesses are highly competitive, aswell as cyclical by product and market. As such, financial results tend tofluctuate with periods... | May 5, 2022",2022-05-05
180,"Comcast and Charter's joint venture to challenge Roku, Amazon and other streaming platforms may signal cable's long-game strategy.",2022-05-01
181,"Everest Re's (RE) 1Q results reflect higher premiums across its reinsurance and insurance businesses. A not-so-active cat environment aided underwriting income, driving the combined ratio.",2022-04-28
182,These are the stocks posting the largest moves in midday trading. ,2022-04-28
183,"CNBC's 'Squawk Box' team break down the latest first-quarter earnings results from Comcast, which beat analysts' expectations on the top and bottom lines.",2022-04-28
184,"(RTTNews) - Everest Re Group, Ltd. (RE) will host a conference call at 8:00 AM ET on April 28, 2022, to discuss Q1 22 earnings results.",2022-04-28
185,"All eyes will be on Comcast's broadband division, which is expected to add 229,000 new high-speed internet customers during the first quarter. ",2022-04-28
186,"Everest Re (RE) delivered earnings and revenue surprises of 23.92% and 2.63%, respectively, for the quarter ended March 2022. Do the numbers hold clues to what lies ahead for the stock?",2022-04-27
187,"HAMILTON, Bermuda, April 27, 2022--Everest Re Group, Ltd. (""Everest"" or the ""Group"") today reported its first quarter 2022 results.",2022-04-27
188,"HAMILTON, Bermuda _ Everest Re Group Ltd. on Wednesday reported first-quarter earnings of $297.8 million. On a per-share basis, the Hamilton, Bermuda-based company said it had net... | April 27, 2022",2022-04-27
189,"(RTTNews) - Everest Re Group, Ltd. (RE) released earnings for first quarter that decreased from last year",2022-04-27
190,Reports Q1 net written pr... RE,2022-04-27
191,"Shares of Everest Re Group Ltd. slipped 2.02% to $278.51 Tuesday, on what proved to be an all-around grim trading session for the stock market, with the S&P...",2022-04-26
192,"Better pricing, exposure growth, solid retention, favorable renewals, reinsurance agreements, a not-so-active catastrophe level and accelerated digitization are likely to favor first-quarter results of RE, AXS and ACGL.",2022-04-26
193,"WARREN, New Jersey - April 25, 2022 - Everest Reinsurance, the reinsurance division of Everest Re Group, Ltd. today announced the promotion of Scott Paddington to Chief Agent and Chief... | April 26, 2022",2022-04-26
194,"Shares of Everest Re Group Ltd. slid 0.68% to $284.24 Monday, on what proved to be an all-around favorable trading session for the stock market, with the S&P...",2022-04-25
195,"Netflix doesn't plan to shut down password sharers overnight. Rather, it intends to bill shared accounts an extra fee in a global rollout that may take a year.",2022-04-23
196,"Shares of Everest Re Group Ltd. slid 2.35% to $286.18 Friday, on what proved to be an all-around rough trading session for the stock market, with the S&P 500...",2022-04-22
197,"Everest Re's (RE) Q1 results are likely to benefit from strong new business, exposure growth, underlying rate increases and higher limited partnership income.",2022-04-22
198,"Michael Morris, Guggenheim Partners, joins 'TechCheck' to dicsuss Snap's Q1 earnings results, where his forecast currently is and whether investors are too bearish on the streaming service industry.",2022-04-22
199,"The financial sector is comprised of companies that offer services including loans, savings, insurance, payment services, and money management for individuals and firms.  Financial sector stocks include a wide range of companies involved in retail and commercial banking, accounting, insurance, asset management, credit cards, and brokerage.  Well-known companies in the sector include Wells Fargo Co. (WFC), Goldman Sachs Group Inc. (GS), and Morgan Stanley (MS).",2022-04-21
200,"Shares of Everest Re Group Ltd. slipped 1.47% to $293.06 Thursday, on what proved to be an all-around rough trading session for the stock market, with the...",2022-04-21
201,Dissolving the district would mean Reedy Creek employees and infrastructure would be absorbed by the local counties.,2022-04-21
202,"For 155 companies in the S&P 500, Street Earnings understated Core Earnings for the trailing twelve months (TTM) ended calendar 2021.",2022-04-21
203,Everest Re (RE) doesn't possess the right combination of the two key ingredients for a likely earnings beat in its upcoming report. Get prepared with the key expectations.,2022-04-20
204,"Shares of Everest Re Group Ltd. rallied 2.16% to $297.43 Wednesday, on what proved to be an all-around mixed trading session for the stock market, with the...",2022-04-20
205,"Instead of legacy media shares soaring as they imitate Netflix, the industry has brought Netflix down to a degree.",2022-04-20
206,"Shares of Everest Re Group Ltd. inched 0.37% higher to $291.13 Tuesday, on what proved to be an all-around favorable trading session for the stock market,...",2022-04-19
207,"Netflix has been willing to turn a blind eye toward password sharing when it was growing subscribers, but losing customers can change behavior quickly.",2022-04-19
208,"HAMILTON, Bermuda, April 18, 2022--Everest Re Group, Ltd. (""Everest"") (NYSE: RE) today announced with great sorrow the passing of Don Mango, the company’s Chief Risk Officer and Chief Actuary. Don was a respected industry leader and played a key role in elevating the company’s culture of rigorous risk management. Ari Moskowitz, Everest Reinsurance Chief Operations Officer and Chief Pricing Actuary has been appointed Everest Group Chief Risk Officer to lead the risk function and carry Don’s legac",2022-04-18
209,"Shares of Everest Re Group Ltd. shed 0.17% to $290.07 Monday, on what proved to be an all-around grim trading session for the stock market, with the S&P 500...",2022-04-18
210,Everest Re Group announce... RE,2022-04-18
211,"Whether you're a value, growth, or momentum investor, finding strong stocks becomes easier with the Zacks Style Scores, a top feature of the Zacks Premium research service.",2022-04-14
212,"Shares of Everest Re Group Ltd. slumped 0.41% to $290.57 Thursday, on what proved to be an all-around rough trading session for the stock market, with the...",2022-04-14
213,"Shares of Everest Re Group Ltd. inched 0.64% higher to $291.77 Wednesday, on what proved to be an all-around great trading session for the stock market, with...",2022-04-13
214,"Shares of Everest Re Group Ltd. slid 2.37% to $289.92 Tuesday, on what proved to be an all-around grim trading session for the stock market, with the S&P 500...",2022-04-12
215,"Looking at the underlying holdings of the ETFs in our coverage universe at ETF Channel, we have compared the trading price of each holding against the average analyst 12-month forward target price, and computed the weighted average implied analyst target price for the ETF itsel",2022-04-12
216,"Shares of Everest Re Group Ltd. dropped 0.29% to $296.96 Monday, on what proved to be an all-around dismal trading session for the stock market, with the S&P...",2022-04-11
217,"WARREN, New Jersey - April 11, 2022 - Everest Insurance®, the insurance division of Everest Re Group, Ltd., today announced the launch of Middle Market Property, a new commercial property... | April 11, 2022",2022-04-11
218,"Shares of Everest Re Group Ltd. inched 0.43% higher to $297.82 Friday, on what proved to be an all-around mixed trading session for the stock market, with...",2022-04-08
219,"EVEREST RE GROUP, LTD. CORPORATE RESPONSIBILITY REPORT 2021 1 LETTER FROM THE CEO ... | April 8, 2022",2022-04-08
220,"""Sonic the Hedgehog 2"" is the first major family film released in 2022 and is expected to signal if this demographic is finally ready to return to theaters.",2022-04-08
221,"Shares of Everest Re Group Ltd. slid 0.34% to $296.54 Thursday, on what proved to be an all-around great trading session for the stock market, with the S&P...",2022-04-07
222,"Niche sports organizations such as UFC, WWE and Formula 1 could be alluring acquisition targets for big streaming companies like Disney and Netflix.",2022-04-07
223,"VANCOUVER, BC / ACCESSWIRE / April 6, 2022 / RE Royalties Ltd.V:RE) (OTCQX:RROYF) (""RE Royalties"" or the ""Company"") is pleased to announce that the Board of Directors of the Company has declared a cash distribution of $0.",2022-04-06
224,"Shares of Everest Re Group Ltd. slumped 0.45% to $297.54 Wednesday, on what proved to be an all-around grim trading session for the stock market, with the...",2022-04-06
225,"The ""Halftime Report"" traders give their top picks to watch for the second half.",2022-04-06
226,"As tensions rise between Disney and Florida lawmakers, the company will air new a new public service announcement from GLAAD featuring a transgender teen.",2022-04-06
227,"Shares of Everest Re Group Ltd. inched 0.53% higher to $298.88 Tuesday, on what proved to be an all-around dismal trading session for the stock market, with...",2022-04-05
228,"All amounts in US dollars unless otherwise statedVANCOUVER, BC / ACCESSWIRE / April 5, 2022 / RE Royalties Ltd.V:RE)(OTCQX:RROYF) (""RE Royalties"" or the ""Company""), a global leader in renewable energy royalty-based financing, has entered into an agreement with Nomad Transportable Power Systems Inc.",2022-04-05
229,"'Mad Money' host Jim Cramer and the 'Squawk on the Street' team break down shares of AT&T, Discovery and CNBC parent company Comcast.",2022-04-05
230,"Shares of Everest Re Group Ltd. shed 3.19% to $297.29 Monday, on what proved to be an all-around positive trading session for the stock market, with the S&P...",2022-04-04
231,"In afternoon trading on Monday, Utilities stocks are the worst performing sector, showing a 1.3% loss. Within the sector, Sempra (Symbol: SRE) and NRG Energy Inc (Symbol: NRG) are two large stocks that are lagging, showing a loss of 2.6% and 1.9%, respectively. Among utilitie",2022-04-04
232,"Ownership Submission FORM 4 Check this box if no longer... | April 4, 2022",2022-04-04
233,"Shares of Everest Re Group Ltd. rallied 1.90% to $307.10 Friday, on what proved to be an all-around positive trading session for the stock market, with the...",2022-04-01
234,"HAMILTON, Bermuda - April 1, 2022 - Mt. Logan Re, Ltd. , Everest Re Group, Ltd.'s third party capital unit, today announced the appointment of Greg McBride to the newly created position of... | April 1, 2022",2022-04-01
235,"Some have more dollars than sense, they say, so even companies that have no revenue, no profit, and a record of falling...",2022-03-31
236,"VANCOUVER, BC / ACCESSWIRE / March 31, 2022 / RE Royalties Ltd. (TSXV:RE)(OTCQX:RROYF) (""RE Royalties"" or the ""Company""), a global leader in renewable energy royalty-based financing, is pleased to announce that effective March 31, 2022, the Company's common shares (the ""Shares"") have commenced trading on the OTCQX Best Market (""OTCQX"") under the symbol, RROYF.",2022-03-31
237,"Shares of Everest Re Group Ltd. slipped 1.10% to $301.38 Thursday, on what proved to be an all-around dismal trading session for the stock market, with the...",2022-03-31
238,"NEW YORK, March 31, 2022 (GLOBE NEWSWIRE) -- OTC Markets Group Inc. (OTCQX: OTCM), operator of regulated markets for trading 12,000 U.S. and international securities, today announced RE Royalties Ltd. (TSX-V: RE; OTCQX: RROYF), a company which acquires revenue-based royalties from renewable energy generation facilities, has qualified to trade on the OTCQX® Best Market. RE Royalties Ltd. upgraded to OTCQX from the Pink® market. RE Royalties Ltd. begins trading today on OTCQX under the symbol “RRO",2022-03-31
239,"Shares of Everest Re Group Ltd. inched 0.71% higher to $304.72 Wednesday, on what proved to be an all-around grim trading session for the stock market, with...",2022-03-30
240,"Shares of Everest Re Group Ltd. rallied 1.62% to $302.58 Tuesday, on what proved to be an all-around favorable trading session for the stock market, with the...",2022-03-29
241,"Whether you're a value, growth, or momentum investor, finding strong stocks becomes easier with the Zacks Style Scores, a top feature of the Zacks Premium research service.",2022-03-29
242,"Taking full advantage of the stock market and investing with confidence are common goals for new and old investors, and Zacks Premium offers many different ways to do both.",2022-03-29
243,"HAMILTON, Bermuda, March 28, 2022--Everest Re Group, Ltd. (""Everest"") (NYSE: RE) will hold its first quarter 2022 earnings conference call on Thursday, April 28, 2022, beginning at 8:00 am Eastern Time.",2022-03-28
244,"Shares of Everest Re Group Ltd. sank 0.41% to $297.77 Monday, on what proved to be an all-around great trading session for the stock market, with the S&P 500...",2022-03-28
245,"""CODA"" won Best Picture at the Oscars. ""Dune"" won the most awards. Will Smith smacked Chris Rock for insulting Jada Pinkett-Smith.",2022-03-27
246,"Shares of Everest Re Group Ltd. advanced 1.36% to $299.01 Friday, on what proved to be an all-around favorable trading session for the stock market, with the...",2022-03-25
247,"Joining Everest now, as clients' demands are rapidly shifting in new directions, makes me excited about what we can achieve together. Placing clients' needs and expectations at the core of our... | March 25, 2022",2022-03-25
248,"Shares of Everest Re Group Ltd. advanced 1.08% to $295.00 Thursday, on what proved to be an all-around favorable trading session for the stock market, with...",2022-03-24
249,"Shares of Everest Re Group Ltd. shed 0.15% to $291.84 Wednesday, on what proved to be an all-around dismal trading session for the stock market, with the S&P...",2022-03-23
250,"Shares of Everest Re Group Ltd. rallied 1.88% to $292.29 Tuesday, on what proved to be an all-around great trading session for the stock market, with the S&P...",2022-03-22
251,Everest Re (RE) is well-poised to gain from solid segmental performances and solid capital position.,2022-03-22
252,"Rating Action: Moody's downgrades one class of DBUBS 2011-LC1Global Credit Research - 21 Mar 2022Approximately $35.6 million of notional balance affectedNew York, March 21, 2022 -- Moody's Investors Service, (""Moody's"") has downgraded the rating on one interest only (IO) class in DBUBS 2011-LC1 Commercial Mortgage Trust, Commercial Mortgage Pass-Through Certificates, Series 2011-LC1 as follows:Cl. X-B, Downgraded to Ca (sf); previously on Oct 12, 2021 Downgraded to Caa2 (sf)RATINGS RATIONALEThe rating on the IO class, Cl. X-B, was downgraded due to the decline in the credit quality of its reference classes resulting from principal paydowns of higher quality reference classes.  For ratings issued on a support provider, this announcement provides certain regulatory disclosures in relation to the credit rating action on the support provider and in relation to each particular credit rating action for securities that derive their credit ratings from the support provider's credit rating.",2022-03-21
253,A Rocky Mountain mansion owned by Russian oligarch Roman Abramovich would likely be among the first assets frozen by the U.S. government if he is sanctioned.,2022-03-20
254,"Shares of Everest Re Group Ltd. inched 0.52% higher to $286.66 Friday, on what proved to be an all-around great trading session for the stock market, with...",2022-03-18
255,"Primerica, Inc. PRI is poised for growth, given a compelling portfolio, strong market presence and solid capital position. This leading life insurer has a decent track record of beating earnings estimates in two of the last four quarters while missing in the other two.Pri",2022-03-18
256,"Shares of Everest Re Group Ltd. inched 0.63% higher to $285.18 Thursday, on what proved to be an all-around great trading session for the stock market, with...",2022-03-17
257,"Shares of Everest Re Group Ltd. advanced 1.66% to $283.40 Wednesday, on what proved to be an all-around favorable trading session for the stock market, with...",2022-03-16
258,"Shares of Everest Re Group Ltd. advanced 3.07% to $278.76 Tuesday, on what proved to be an all-around favorable trading session for the stock market, with...",2022-03-15
259,"Chubb, Cincinnati Financial, W.R. Berkley, Everest Re Group, and Kinsale Capital are part of Today's Industry Outlook Blog.",2022-03-15
260,"Shares of Everest Re Group Ltd. inched 0.22% higher to $272.01 Monday, on what proved to be an all-around mixed trading session for the stock market, with...",2022-03-14
261,"Frequent catastrophes accelerating policy renewal rate and the resultant upward pricing pressure are likely to boost the performance of Zacks Property and Casualty Insurance industry players like CB, CINF, WRB, RE and KNSL.",2022-03-14
262,Netflix's stock has now given up all its pandemic gains. Shares were down more than 50% since their mid-November high.,2022-03-14
263,"China's latest Covid outbreak is prompting a round of business restrictions, while Russian and Ukrainian officials held another peace discussion.",2022-03-14
264,"Shares of Everest Re Group Ltd. slumped 0.87% to $271.41 Friday, on what proved to be an all-around rough trading session for the stock market, with the S&P...",2022-03-11
265,Everest Re (RE) reported earnings 30 days ago. What's next for the stock? We take a look at earnings estimates for some clues.,2022-03-11
266,"Looking at the universe of stocks we cover at Dividend Channel, on 3/15/22, Thermo Fisher Scientific Inc (Symbol: TMO), Mercury General Corp. (Symbol: MCY), and Everest Re Group Ltd (Symbol: RE) will all trade ex-dividend for their respective upcoming dividends. Thermo Fisher",2022-03-11
267,"For Immediate ReleaseChicago, IL – March 11, 2022 – Stocks in this week’s article are Sanderson Farms, Inc. SAFM, Quidel Corp. QDEL, Crown Holdings, Inc. CCK, Everest Re Group, Ltd. RE and Eversource Energy ES.",2022-03-11
268,"Shares of Everest Re Group Ltd. slid 0.61% to $273.79 Thursday, on what proved to be an all-around poor trading session for the stock market, with the S&P...",2022-03-10
269,"Steady sales growth is vital to gauge a company's health and ability to sustain its business. Let's check out Sanderson Farms (SAFM), Quidel (QDEL), Crown Holdings (CCK), Everest Re (RE) and Eversource Energy (ES) that are witnessing top-line growth.",2022-03-10
270,Sizable adverse reserve developments in Q4 seriously damaged investor confidence in Argo Group's turnaround story. Read what to know about ARGO stock here.,2022-03-10
271,"Shares of Everest Re Group Ltd. advanced 3.04% to $275.48 Wednesday, on what proved to be an all-around great trading session for the stock market, with the...",2022-03-09
272,"Shares of Everest Re Group Ltd. inched 0.00% higher to $267.36 Tuesday, on what proved to be an all-around dismal trading session for the stock market, with...",2022-03-08
273,"Everest Re Group, Arch Capital Group and United Fire Group are included in this Industry Outlook blog.",2022-03-08
274,Researchers help explain the wide disconnect between executives and employees about their excitement to return to the office.,2022-03-08
275,The following are today's upgrades for Validea's P/E/Growth Investor model based on the published strategy of Peter Lynch. This strategy looks for stocks trading at a reasonable price relative to earnings growth that also possess strong balance sheets.TEXAS INSTRUMENTS INCORPORAT,2022-03-08
276,"Shares of Everest Re Group Ltd. slid 5.33% to $267.35 Monday, on what proved to be an all-around dismal trading session for the stock market, with the S&P...",2022-03-07
277,"Before valuation expands, it is wise to add some undervalued stocks like Everest Re Group Limited (RE), Arch Capital Group Limited (ACGL) and United Fire Group (UFCS) with growth potential to one's portfolio.",2022-03-07
278,"It is an extremely exciting time to be part of Everest Insurance®, and after spending the day with my colleagues in London, I am even more energized about our future and our growing team around... | March 7, 2022",2022-03-07
279,"Looking at the underlying holdings of the ETFs in our coverage universe at ETF Channel, we have compared the trading price of each holding against the average analyst 12-month forward target price, and computed the weighted average implied analyst target price for the ETF itsel",2022-03-07
280,"""Given the circumstances on the ground, we have decided to suspend our service in Russia,"" a spokesperson said Sunday afternoon.",2022-03-06
281,"Shares of Everest Re Group Ltd. slid 2.32% to $282.41 Friday, on what proved to be an all-around grim trading session for the stock market, with the S&P 500...",2022-03-04
282,Disney announced a new ad-supported tier for its Disney+ streaming service on Friday.,2022-03-04
283,Batman has been a staple on the big screen since Tim Burton's 1989 superhero film. A look at how past Batman films have fared at the global box office.,2022-03-03
284,"Shares of Everest Re Group Ltd. shed 1.22% to $289.11 Thursday, on what proved to be an all-around poor trading session for the stock market, with the S&P...",2022-03-03
285,"Here at Zacks, our focus is on the proven Zacks Rank system, which emphasizes earnings estimates and estimate revisions to find great stocks. Nevertheless, we are always paying attention to the latest value, growth, and momentum trends to underscore strong picks.",2022-03-03
286,"Shares of Everest Re Group Ltd. rose 3.02% to $292.67 Wednesday, on what proved to be an all-around positive trading session for the stock market, with the...",2022-03-02
287,"Taking full advantage of the stock market and investing with confidence are common goals for new and old investors, and Zacks Premium offers many different ways to do both.",2022-03-02
288,"Shares of Everest Re Group Ltd. slid 4.74% to $284.09 Tuesday, on what proved to be an all-around dismal trading session for the stock market, with the S&P...",2022-03-01
289,"Strong renewal rate change, retention, increase in new business supported by a compelling portfolio and solid capital position continue to drive Travelers (TRV).",2022-03-01
290,"Ownership Submission FORM 4 Check this box if no longer... | March 1, 2022",2022-03-01
291,"W. R. Berkley Corp., Cincinnati Financial Corp., Raymond James Financial Inc., Everest Re Group Ltd. and Arch Capital Group Ltd are highlighted in this Analyst Blog.",2022-03-01
292,"Disney, Sony and Warner Bros. have halted future theatrical film releases in Russia following the country's attack on Ukraine. ",2022-02-28
293,"Shares of Everest Re Group Ltd. shed 1.36% to $298.22 Monday, on what proved to be an all-around rough trading session for the stock market, with the S&P 500...",2022-02-28
294,"Ownership Submission FORM 4 Check this box if no longer... | February 28, 2022",2022-02-28
295,"We have narrowed our search to five large-cap insurers that saw positive earnings estimate revisions within the last 30 days. These are: CINF, RJF, RE, WRB and ACGL.",2022-02-28
296,"Shares of Everest Re Group Ltd. advanced 3.71% to $302.32 Friday, on what proved to be an all-around favorable trading session for the stock market, with the...",2022-02-25
297,"Ecolab declared a regular quarterly cash dividend of $0.51 per common share, to be paid April 15, 2022, to shareholders of record at the close of business on March 15, 2022.",2022-02-25
298,"HAMILTON, Bermuda, February 24, 2022--Everest Re Group, Ltd. (""Everest"" or the ""Company"") announced that its Board of Directors declared a dividend of $1.55 per share payable on or before March 30, 2022 to all shareholders of record as of March 16, 2022.",2022-02-24
299,"Shares of Everest Re Group Ltd. slipped 2.86% to $291.50 Thursday, on what proved to be an all-around positive trading session for the stock market, with the...",2022-02-24
300,"It was a strong quarter for Disney, HBO Max and Paramount+ as streaming leader Netflix acknowledged competition may be hurting its growth on the margins.",2022-02-24
301,,2022-02-24
302,"Everest Re's insurance business is performing exceptionally well, but the P/E multiple is far below historical levels. See why I think RE stock is a Strong Buy.",2022-02-24
303,"Shares of Everest Re Group Ltd. dropped 0.12% to $300.08 Wednesday, on what proved to be an all-around poor trading session for the stock market, with the...",2022-02-23
304,"Shares of Everest Re Group Ltd. shed 1.31% to $300.44 Tuesday, on what proved to be an all-around rough trading session for the stock market, with the S&P...",2022-02-22
305,"Shares of Everest Re Group Ltd. inched 0.55% higher to $304.42 Friday, on what proved to be an all-around rough trading session for the stock market, with...",2022-02-18
306,,2022-02-18
307,"Shares of Everest Re Group Ltd. dropped 0.11% to $302.76 Thursday, on what proved to be an all-around dismal trading session for the stock market, with the...",2022-02-17
308,Does Everest Re (RE) have what it takes to be a top stock pick for momentum investors? Let's find out.,2022-02-17
309,Everest Re (RE) stock rallies on the back of solid segmental performance and effective capital deployment.,2022-02-17
310,"Shares of Everest Re Group Ltd. inched 0.81% higher to $303.08 Wednesday, on what proved to be an all-around mixed trading session for the stock market, with...",2022-02-16
311,"AA, RE, and HUBG made it to the Zacks Rank #1 (Strong Buy) momentum stocks list on February 16, 2022",2022-02-16
312,"XOM, RE, and GABC made it to the Zacks Rank #1 (Strong Buy) income stocks list on February 16, 2022",2022-02-16
313,"RE, AA, and TWI made it to the Zacks Rank #1 (Strong Buy) value stocks list on February 16, 2022",2022-02-16
314,"AA, RE, XOM, HUBG, and TWI have been added to the Zacks Rank #1 (Strong Buy) List on February 16, 2022.",2022-02-16
315,,2022-02-16
316,"Shares of Everest Re Group Ltd. rose 2.56% to $300.63 Tuesday, on what proved to be an all-around great trading session for the stock market, with the S&P...",2022-02-15
317,"Here at Zacks, our focus is on the proven Zacks Rank system, which emphasizes earnings estimates and estimate revisions to find great stocks. Nevertheless, we are always paying attention to the latest value, growth, and momentum trends to underscore strong picks.",2022-02-15
318,"Shares of Everest Re Group Ltd. slipped 0.61% to $293.12 Monday, on what proved to be an all-around dismal trading session for the stock market, with the S&P...",2022-02-14
319,"Everest Re Group, Ltd. ( NYSE:RE ) just released its latest full-year results and things are looking bullish. The...",2022-02-13
320,"Shares of Everest Re Group Ltd. advanced 1.20% to $294.93 Friday, on what proved to be an all-around grim trading session for the stock market, with the S&P...",2022-02-11
321,"The following slide deck was published by Everest Re Group, Ltd.",2022-02-11
322,Wells Fargo analyst Elyse... RE,2022-02-11
323,"Shares of Everest Re Group Ltd. inched 0.80% higher to $291.44 Thursday, on what proved to be an all-around rough trading session for the stock market, with...",2022-02-10
324,"Everest Re (RE) Q4 results reflect higher premiums across its reinsurance and insurance businesses. A not-so-active cat environment aided increased underwriting income, driving combined ratio.",2022-02-10
325,"Everest Re Group, Ltd. (NYSE:RE) Q4 2021 Earnings Conference Call February 10, 2022, 08:00 AM ET Company Participants Jon Levenson - Head of Investor Relations Juan Andrade - President...",2022-02-10
326,Analysts across Wall Street sang the praises of Disney after a quarterly print showing a stunning recovery in its parks business.,2022-02-10
327,"(RTTNews) - Everest Re Group, Ltd. (RE) will host a conference call at 8:00 AM ET on February 10, 2022, to discuss Q4 21 earnings results.",2022-02-10
328,"Everest Re (RE) delivered earnings and revenue surprises of -1.19% and 0.04%, respectively, for the quarter ended December 2021. Do the numbers hold clues to what lies ahead for the stock?",2022-02-10
329,"HAMILTON, Bermuda, February 09, 2022--Everest Re Group, Ltd. (""Everest"" or the ""Group"") today reported its fourth quarter and full year 2021 results.",2022-02-09
330,"Everest Re (RE) came out with quarterly earnings of $9.12 per share, missing the Zacks Consensus Estimate of $9.23 per share. This compares to loss of $1.12 per share a year ago. These figures are adjusted for non-recurring items.",2022-02-09
331,Looking for stock market analysis and research with proves results? Zacks.com offers in-depth financial research with over 30years of proven results.,2022-02-09
332,"Everest Re Group Ltd (RE) shares closed today at 1.9% below its 52 week high of $294.75, giving the company a market cap of $11B. The stock is currently up 6.0% year-to-date, up 32.0% over the past 12 months, and up 38.3% over",2022-02-09
333,"Shares of Everest Re Group Ltd. slid 0.43% to $289.12 Wednesday, on what proved to be an all-around great trading session for the stock market, with the S&P...",2022-02-09
334,"Annualized 14.7% Notes 1/ Refer to the reconciliation of net income to net operating income found on page 8 of this... | February 9, 2022",2022-02-09
335,"(RTTNews) - Below are the earnings highlights for Everest Re Group, Ltd. (RE):",2022-02-09
336,"The Super Bowl commercial is part of Tonal's broader ""Strength Made Me"" campaign, which celebrates women being strong both physically and mentally. ",2022-02-09
337,Reports Q4 revenue $3.12B... RE,2022-02-09
338,"Shares of Everest Re Group Ltd. advanced 1.26% to $290.37 Tuesday, on what proved to be an all-around great trading session for the stock market, with the...",2022-02-08
339,"Better pricing, exposure growth, solid retention, favorable renewals, reinsurance agreements, and accelerated digitalization likely have favored fourth quarter results of RE, AFG, ACGL, MFC and SLF.",2022-02-08
340,,2022-02-08
341,"Dayton, OH, based Investment company Buckingham Capital Management, Inc. (Current Portfolio) buys Sysco Corp, Corning Inc, Everest Re Group, JPMorgan Ultra-Short Municipal Income ETF, Restaurant Brands International Inc, sells Raytheon Technologies Corp, Delta Air Lines Inc, Royal Caribbean Group, Texas Instruments Inc, The Travelers Inc during the 3-months ended 2021Q4, according to the most recent filings of the investment company, Buckingham Capital Management, Inc..",2022-02-07
342,"Shares of Everest Re Group Ltd. inched 0.27% higher to $286.76 Monday, on what proved to be an all-around mixed trading session for the stock market, with...",2022-02-07
343,"Everest Re Group's (NYSE:RE) stock is up by 4.5% over the past three months.   Given that stock prices are usually aligned with a company's financial performance in the long-term, we decided to investigate if the company's decent financials had a hand to play in the recent price",2022-02-07
344,Comparing Reinsurance Group with other peers in the reinsurance industry indicates that that the stock is worth $150. Learn more about RGA stock here.,2022-02-07
345,,2022-02-07
346,"Shares of Everest Re Group Ltd. inched 0.26% higher to $285.99 Friday, on what proved to be an all-around mixed trading session for the stock market, with...",2022-02-04
347,"Everest Re's (RE) Q4 results are likely to benefit from high renewal retention, new business opportunities, higher net investment income and underwriting profitability.",2022-02-04
348,"Shares of Everest Re Group Ltd. slipped 1.71% to $285.24 Thursday, on what proved to be an all-around dismal trading session for the stock market, with the...",2022-02-03
349,Everest Re (RE) doesn't possess the right combination of the two key ingredients for a likely earnings beat in its upcoming report. Get prepared with the key expectations.,2022-02-02
350,"Investment company Smith Group Asset Management, LLC (Current Portfolio) buys Zebra Technologies Corp, Pfizer Inc, American Express Co, EPAM Systems Inc, Westlake Chemical Corp, sells PayPal Holdings Inc, Encompass Health Corp, U.S.",2022-02-02
351,"Shares of Everest Re Group Ltd. rallied 2.00% to $290.21 Wednesday, on what proved to be an all-around positive trading session for the stock market, with...",2022-02-02
352,"Shares of Everest Re Group Ltd. inched 0.40% higher to $284.53 Tuesday, on what proved to be an all-around positive trading session for the stock market,...",2022-02-01
353,Bud Light Seltzer is hoping that a Super Bowl ad starring celebrity chef Guy Fieri will help jump-start sales of its new hard soda line.,2022-02-01
354,"Garden City, NY, based Investment company United Asset Strategies, Inc. (Current Portfolio) buys Belpointe PREP LLC, ISHARES TRUST, The Walt Disney Co, Communication Services Select Sector SPDR Fund, Invesco S&P 500 Pure Value ETF, sells iShares Russell 2000 ETF, WisdomTree Floating Rate Treasury Fund, iShares Core MSCI Emerging Markets ETF, Comcast Corp, Altice USA Inc during the 3-months ended 2021Q4, according to the most recent filings of the investment company, United Asset Strategies, Inc.",2022-01-31
355,"Shares of Everest Re Group Ltd. inched 0.94% higher to $283.40 Monday, on what proved to be an all-around great trading session for the stock market, with...",2022-01-31
356,Investors' sudden change of heart on Netflix puts entire streaming wars narrative into question for 2022.,2022-01-29
357,The Federal Communications Commission does not yet have the majority it would need to reinstate net neutrality on the federal level.,2022-01-28
358,"New York, NY, based Investment company Zweig-DiMenna Associates LLC (Current Portfolio) buys Caterpillar Inc, Macy's Inc, Teck Resources, Broadcom Inc, SomaLogic Inc, sells PayPal Holdings Inc, Electronic Arts Inc, Analog Devices Inc, Snap Inc, Capri Holdings during the 3-months ended 2021Q4, according to the most recent filings of the investment company, Zweig-DiMenna Associates LLC.",2022-01-27
359,Everest Re Group's (NYSE:RE) stock is up by 5.4% over the past three months. Given that stock prices are usually...,2022-01-27
360,"Casey Newton, The Platformer editor and CNBC contributor, joins 'Power Lunch' to discuss the streaming landscape and recent developments in the space.",2022-01-27
361,"Here at Zacks, our focus is on the proven Zacks Rank system, which emphasizes earnings estimates and estimate revisions to find great stocks. Nevertheless, we are always paying attention to the latest value, growth, and momentum trends to underscore strong picks.",2022-01-27
362,,2022-01-27
363,Dow futures turned positive Thursday after falling more than 500 points overnight.,2022-01-27
364,Dow futures turned positive Thursday after falling more than 500 points overnight as the market's recent volatility persisted.,2022-01-27
365,"HAMILTON, Bermuda, January 25, 2022--Everest Re Group, Ltd. (""Everest"") announced today that it has become an official signatory of the UN Principles for Sustainable Insurance (""PSI""), a global framework for a sustainable insurance industry developed through partnership between risk management leaders and the United Nations Environment Programme Finance Initiative. The company is one of 12 Bermuda or North American-based insurance sector companies to sign on to the UN Principles that ensure bett",2022-01-25
366,"Shares of Everest Re Group Ltd. inched 0.42% higher to $285.29 Tuesday, on what proved to be an all-around grim trading session for the stock market, with...",2022-01-25
367,Looking for stock market analysis and research with proves results? Zacks.com offers in-depth financial research with over 30years of proven results.,2022-01-25
368,"Shares of Everest Re Group Ltd. inched 0.03% higher to $284.11 Monday, on what proved to be an all-around great trading session for the stock market, with...",2022-01-24
369,Netflix tumbled for a second day on Monday after the company's weaker-than-expected subscriber forecast. ,2022-01-24
370,These are the stocks posting the largest moves in midday trading. ,2022-01-24
371,CNBC's Julia Boorstin reports on legal media companies which are ticking higher despite a broader sell-off. (Comcast is CNBC's parent company.),2022-01-24
372,"Taking full advantage of the stock market and investing with confidence are common goals for new and old investors, and Zacks Premium offers many different ways to do both.",2022-01-24
373,U.S. stock futures indicated more losses to start the new week following the Nasdaq's and the S&P 500's worst weeks since March 2020.,2022-01-24
374,"The stocks making the biggest moves in premarket trading include Kohl's, Snap, Peloton, and more.",2022-01-24
375,"Microsoft, Tesla and Apple will release quarterly results, alongside a handful of other tech firms. McDonald's and Boeing will also offer updates.",2022-01-23
376,"Shares of Everest Re Group Ltd. slid 1.07% to $284.03 Friday, on what proved to be an all-around grim trading session for the stock market, with the S&P 500...",2022-01-21
377,"Here at Zacks, our focus is on the proven Zacks Rank system, which emphasizes earnings estimates and estimate revisions to find great stocks. Nevertheless, we are always paying attention to the latest value, growth, and momentum trends to underscore strong picks.",2022-01-21
378,"The Federal Reserve's meeting trumps everything else for markets in the week ahead, as investors await any new clues on its plans to raise interest rates.",2022-01-21
379,"On Thursday, Everest Re Group earned an upgrade to its Relative Strength (RS) Rating, from 80 to 83.  When you're researching the best stocks to buy and watch, be sure to pay attention to relative price strength.  Is Everest Re Group Stock A Buy?",2022-01-20
380,"Netflix added a line in its quarterly shareholder letter acknowledging streaming competition is affecting its ""marginal growth.""",2022-01-20
381,"Shares of Everest Re Group Ltd. sank 0.08% to $287.10 Thursday, on what proved to be an all-around dismal trading session for the stock market, with the S&P...",2022-01-20
382,"Shares of Everest Re Group Ltd. shed 1.22% to $287.34 Wednesday, on what proved to be an all-around poor trading session for the stock market, with the S&P...",2022-01-19
383,"Better pricing, exposure growth, accelerated digitalization and sturdy capital are expected to help RE, AEL, AFL, MMC, and AIG outperform Q4 earnings estimates.",2022-01-19
384,"Everest Re Group Ltd (RE) shares closed today at 0.9% below its 52 week high of $293.65, giving the company a market cap of $11B. The stock is currently up 6.2% year-to-date, up 28.8% over the past 12 months, and up 43.7% over",2022-01-19
385,"Shares of Everest Re Group Ltd. inched 0.21% higher to $290.90 Tuesday, on what proved to be an all-around rough trading session for the stock market, with...",2022-01-18
386,Microsoft takes big $68.7 billion swing on video game company Activision Blizzard while legacy media stays on sidelines,2022-01-18
387,"Shares of Everest Re Group Ltd. rose 2.00% to $290.30 Friday, on what proved to be an all-around mixed trading session for the stock market, with the S&P 500...",2022-01-14
388,"Shares of Everest Re Group Ltd. inched 0.56% higher to $284.60 Thursday, on what proved to be an all-around poor trading session for the stock market, with...",2022-01-13
389,President Biden urged companies to voluntarily impose Covid vaccination rules on workers after the Supreme Court blocked a government order to do that.,2022-01-13
390,"HAMILTON, Bermuda, January 13, 2022--Everest Re Group, Ltd. (""Everest"" or the ""Company"") (NYSE: RE), a leading global provider of reinsurance and insurance solutions, announced today that Artur Klinger has been named Head of International Reinsurance. In this new role, Klinger will oversee the company’s reinsurance business in Europe, Asia, the Middle East, Africa, and Latin America, reporting directly to Everest Group COO and Head of Reinsurance Jim Williamson. Additionally, the company has app",2022-01-13
391,"Everest Re Group Ltd (RE) shares closed today at 1.7% below its 52 week high of $287.98, giving the company a market cap of $11B. The stock is currently up 3.3% year-to-date, up 21.0% over the past 12 months, and up 40.7% over",2022-01-13
392,"Shares of Everest Re Group Ltd. shed 0.92% to $283.02 Wednesday, on what proved to be an all-around favorable trading session for the stock market, with the...",2022-01-12
393,"Shares of Everest Re Group Ltd. advanced 1.94% to $285.64 Tuesday, on what proved to be an all-around favorable trading session for the stock market, with...",2022-01-11
394,Two of Sen. Kyrsten Sinema's former aides have become key aides for corporate giants looking to impact President Joe Biden's agenda. ,2022-01-11
395,"Shares of Everest Re Group Ltd. inched 0.37% higher to $280.20 Monday, on what proved to be an all-around rough trading session for the stock market, with...",2022-01-10
396,Former aides to Sen. Joe Manchin who are now lobbyists are scoring big clients as their ex-boss battles President Biden's agenda,2022-01-10
397,"Shares of Everest Re Group Ltd. rose 1.77% to $279.17 Friday, on what proved to be an all-around dismal trading session for the stock market, with the S&P...",2022-01-07
398,"""Turning Red"" is the third Pixar film to transition to Disney's streaming platform during the pandemic.",2022-01-07
399,"Shares of Everest Re Group Ltd. rallied 1.88% to $274.31 Thursday, on what proved to be an all-around grim trading session for the stock market, with the S&P...",2022-01-06
400,"Jim Cramer, Dan Ives of Wedbush Securities, Gene Munster of Loup, Aaron Kessler of Raymond James, Dan Niles of Satori Fund, Darrin Peller of Wolfe Research, Josh Brown of Ritholtz Wealth Management, Brenda Vingiello of Sand Hill Global Advisors, Sarat Sethi of DCLA, and Steve Weiss of Short Hills Capital explain why they are buying, selling, or holding specific stocks and ETFs",2022-01-06
401,"Sarat Sethi, DCLA managing partner and portfolio manager, joins the 'Halftime Report' to discuss his top stock picks for 2022, which include Uber, Morgan Stanley, and Comcast.",2022-01-06
402,"DA Davidson Hosted Compan... RE, AUR, DE, ELMS, HLBZ, TSP, ZEV",2022-01-06
403,"Shares of Everest Re Group Ltd. slid 1.33% to $269.25 Wednesday, on what proved to be an all-around rough trading session for the stock market, with the S&P...",2022-01-05
404,"DA Davidson Hosted Compan... RE, AUR, DE, ELMS, HLBZ, TSP, ZEV",2022-01-05
405,"Shares of Everest Re Group Ltd. inched 0.03% higher to $272.87 Tuesday, on what proved to be an all-around mixed trading session for the stock market, with...",2022-01-04
406,"DA Davidson Hosted Compan... RE, AUR, DE, ELMS, HLBZ, TSP, ZEV",2022-01-04
407,"Shares of Everest Re Group Ltd. slumped 0.41% to $272.79 Monday, on what proved to be an all-around great trading session for the stock market, with the S&P...",2022-01-03
408,"Keefe Bruyette announced ... APO, AEL, CADE, CBRE, CFG, RE, MA, STT, WAL, WEX, RKT, TFC, COWN, JEF",2022-01-03
409,These value picks mark the 22nd portfolio formed since 2017 to evaluate the top-rated one-year buy/hold models of the Joseph Piotroski & Benjamin Graham value algorithms.,2022-01-01
410,"Shares of Everest Re Group Ltd. dropped 0.11% to $273.92 Friday, on what proved to be an all-around dismal trading session for the stock market, with the S&P...",2021-12-31
411,"Shares of Everest Re Group Ltd. slumped 0.72% to $274.21 Thursday, on what proved to be an all-around grim trading session for the stock market, with the S&P...",2021-12-30
412,"Shares of Everest Re Group Ltd. inched 0.72% higher to $276.20 Wednesday, on what proved to be an all-around great trading session for the stock market, with...",2021-12-29
413,"Shares of Everest Re Group Ltd. advanced 1.11% to $274.23 Tuesday, on what proved to be an all-around mixed trading session for the stock market, with the...",2021-12-28
414,"Shares of Everest Re Group Ltd. rallied 1.57% to $271.22 Monday, on what proved to be an all-around favorable trading session for the stock market, with the...",2021-12-27
415,"Segmental strength, a solid capital position and favorable growth estimates make Everest Re (RE) stock worth retaining in one's portfolio.",2021-12-27
416,"Looking at the underlying holdings of the ETFs in our coverage universe at ETF Channel, we have compared the trading price of each holding against the average analyst 12-month forward target price, and computed the weighted average implied analyst target price for the ETF itsel",2021-12-27
417,"""West Side Story"" is a box office bomb, having only generated around $36 million in ticket sales on a $100 million production budget.",2021-12-26
418,"Low-cost index funds make it easy to achieve average market returns.  But if you invest in individual stocks, some are likely to underperform.  That's what has happened with the Everest Re Group, Ltd. (NYSE:RE) share price. It's up 24% over three years, but that is below the mar",2021-12-24
419,"Shares of Everest Re Group Ltd. rose 1.50% to $267.02 Thursday, on what proved to be an all-around positive trading session for the stock market, with the...",2021-12-23
420,"Shares of Everest Re Group Ltd. slipped 0.67% to $263.07 Wednesday, on what proved to be an all-around great trading session for the stock market, with the...",2021-12-22
421,"HAMILTON, Bermuda, December 21, 2021--Everest Re Group, Ltd. (""Everest"") (NYSE: RE) will hold its fourth quarter 2021 earnings conference call on Thursday, February 10, 2022, beginning at 8:00 am Eastern Time.",2021-12-21
422,"Shares of Everest Re Group Ltd. advanced 1.21% to $264.84 Tuesday, on what proved to be an all-around positive trading session for the stock market, with the...",2021-12-21
423,"""Spider-Man: No Way Home"" proves that audiences are ready to return to movie theaters, but the industry still faces major obstacles.",2021-12-21
424,"Shares of Everest Re Group Ltd. slipped 1.97% to $261.67 Monday, on what proved to be an all-around poor trading session for the stock market, with the S&P...",2021-12-20
425,"Shares of Everest Re Group Ltd. slid 1.34% to $266.93 Friday, on what proved to be an all-around poor trading session for the stock market, with the S&P 500...",2021-12-17
426,"HAMILTON, Bermuda, December 17, 2021--Everest Re Group, Ltd. (""Everest"" or the ""Company"") (NYSE: RE), a leading global provider of reinsurance and insurance solutions, and its Board of Directors (the ""Board"") today announced the extension of President and CEO Juan C. Andrade’s employment agreement through the end of 2023 with automatic annual extensions following this term.",2021-12-17
427,"1 N EWS R ELEASE EVEREST RE... | December 17, 2021",2021-12-17
428,"(RTTNews) - Everest Re Group, Ltd. (RE), a global provider of reinsurance and insurance solutions, announced the extension of President and CEO Juan Andrade's employment agreement through the end of 2023 with automatic annual extensions following this term. The Board stated that",2021-12-17
429,Everest Re and its board ... RE,2021-12-17
430,"Shares of Everest Re Group Ltd. inched 0.25% higher to $270.56 Thursday, on what proved to be an all-around rough trading session for the stock market, with...",2021-12-16
431,,2021-12-16
432,"Investment company Longleaf Partners Funds Trust (Current Portfolio) buys RenaissanceRe Holdings, Liberty Braves Group, Ingles Markets Inc, Liberty Braves Group, sells Everest Re Group during the 3-months ended 2021Q3, according to the most recent filings of the investment company, Longleaf Partners Funds Trust.",2021-12-16
433,"Shares of Everest Re Group Ltd. inched 0.06% higher to $269.88 Wednesday, on what proved to be an all-around favorable trading session for the stock market,...",2021-12-15
434,"Southeastern’s 13F portfolio value increased from $4.97B to $5.27B in Q3. The top 3 positions are Lumen Tech, CNX and Mattel, adding up to ~29% of the portfolio.",2021-12-14
435,"Shares of Everest Re Group Ltd. inched 0.83% higher to $269.71 Tuesday, on what proved to be an all-around dismal trading session for the stock market, with...",2021-12-14
436,"Investment company ON BlackRock Advantage Large Cap Value Portfolio (Current Portfolio) buys Procter & Gamble Co, Life Storage Inc, Biomarin Pharmaceutical Inc, Stryker Corp, UnitedHealth Group Inc, sells The Hershey Co, Morgan Stanley, PPG Industries Inc, Charles Schwab Corp, Progressive Corp during the 3-months ended 2021Q3, according to the most recent filings of the investment company, ON BlackRock Advantage Large Cap Value Portfolio.",2021-12-13
437,"Shares of Everest Re Group Ltd. shed 0.92% to $267.48 Monday, on what proved to be an all-around poor trading session for the stock market, with the S&P 500...",2021-12-13
438,"The Insider Monkey team has completed processing the quarterly 13F filings for the September quarter submitted by the hedge funds and other money managers included in our extensive database. Most hedge fund investors experienced strong gains on the back of a strong market performance, which certainly propelled them to adjust their equity holdings so as […]",2021-12-12
439,"Investment company Southeastern Asset Management (Current Portfolio) buys Discovery Inc, IAC/InterActiveCorp, RenaissanceRe Holdings, FedEx Corp, Realogy Holdings Corp, sells Everest Re Group, Comcast Corp, Baidu Inc during the 3-months ended 2021Q3, according to the most recent filings of the investment company, Southeastern Asset Management.",2021-12-11
440,"Investment company Forethought Variable Insurance Trust (Current Portfolio) buys Agilent Technologies Inc, NetApp Inc, CrowdStrike Holdings Inc, Cintas Corp, Equifax Inc, sells CoStar Group Inc, Chipotle Mexican Grill Inc, Synopsys Inc, West Pharmaceutical Services Inc, Hess Corp during the 3-months ended 2021Q3, according to the most recent filings of the investment company, Forethought Variable Insurance Trust.",2021-12-10
441,"Shares of Everest Re Group Ltd. slipped 0.45% to $269.97 Friday, on what proved to be an all-around favorable trading session for the stock market, with the...",2021-12-10
442,"Shares of Everest Re Group Ltd. sank 0.96% to $271.19 Thursday, on what proved to be an all-around rough trading session for the stock market, with the S&P...",2021-12-09
443,"Shares of Everest Re Group Ltd. rallied 1.09% to $273.83 Wednesday, on what proved to be an all-around positive trading session for the stock market, with...",2021-12-08
444,"Shares of Everest Re Group Ltd. rose 1.71% to $266.97 Monday, on what proved to be an all-around great trading session for the stock market, with the S&P 500...",2021-12-06
445,"Shares of Everest Re Group Ltd. sank 0.52% to $262.47 Friday, on what proved to be an all-around dismal trading session for the stock market, with the S&P...",2021-12-03
446,"Monthly update of the Dividend Champions List. 75 companies declared higher dividends in the past month, with an average increase of 8.55% over their previous payouts.",2021-12-02
447,"Shares of Everest Re Group Ltd. advanced 2.70% to $263.83 Thursday, on what proved to be an all-around favorable trading session for the stock market, with...",2021-12-02
448,"Shares of Everest Re Group Ltd. inched 0.20% higher to $256.90 Wednesday, on what proved to be an all-around grim trading session for the stock market, with...",2021-12-01
449,CNBC Pro picked through the stocks in correction territory to find the names Wall Street analysts love and are getting more bullish about.,2021-12-01
450,"Shares of Everest Re Group Ltd. slid 2.45% to $256.38 Tuesday, on what proved to be an all-around dismal trading session for the stock market, with the S&P...",2021-11-30
451,"dividend channel,RE,",2021-11-30
452,"Shares of Everest Re Group Ltd. shed 1.50% to $264.37 Monday, on what proved to be an all-around great trading session for the stock market, with the S&P 500...",2021-11-29
453,"Everest Re Group, Ltd. (RE) will begin trading ex-dividend on November 30, 2021. A cash dividend payment of $1.55 per share is scheduled to be paid on December 22, 2021.  Shareholders who purchased RE prior to the ex-dividend date are eligible for the cash dividend payment.  This",2021-11-29
454,A weekly summary of dividend activity for Dividend Challengers. Companies which changed their dividends. Companies with upcoming ex-dividend dates. Companies with upcoming pay dates.,2021-11-28
455,"Shares of Everest Re Group Ltd. slid 3.42% to $268.40 Friday, on what proved to be an all-around poor trading session for the stock market, with the S&P 500...",2021-11-26
456,"Shares of Everest Re Group Ltd. sank 0.57% to $277.90 Wednesday, on what proved to be an all-around mixed trading session for the stock market, with the S&P...",2021-11-24
457,"Shares of Everest Re Group Ltd. rallied 2.05% to $279.49 Tuesday, on what proved to be an all-around favorable trading session for the stock market, with the...",2021-11-23
458,"Shares of Everest Re Group Ltd. rallied 2.53% to $273.87 Monday, on what proved to be an all-around mixed trading session for the stock market, with the Dow...",2021-11-22
459,"Shareholders of Everest Re Group Ltd (Symbol: RE) looking to boost their income beyond the stock's 2.3% annualized dividend yield can sell the April 2022 covered call at the $270 strike and collect the premium based on the $14.80 bid, which annualizes to an additional 14.1% rat",2021-11-22
460,"Shares of Everest Re Group Ltd. shed 2.66% to $267.11 Friday, on what proved to be an all-around dismal trading session for the stock market, with the S&P...",2021-11-19
461,"Ownership Submission FORM 4 Check this box if no longer... | November 19, 2021",2021-11-19
462,"Shares of Everest Re Group Ltd. slid 1.34% to $274.40 Thursday, on what proved to be an all-around mixed trading session for the stock market, with the S&P...",2021-11-18
463,"HAMILTON, Bermuda, November 18, 2021--Everest Re Group, Ltd. (""Everest"" or the ""Company"") announced that its Board of Directors declared a dividend of $1.55 per share payable on or before December 22, 2021 to all shareholders of record as of December 1, 2021.",2021-11-18
464,"Shares of Everest Re Group Ltd. slumped 0.15% to $278.13 Wednesday, on what proved to be an all-around rough trading session for the stock market, with the...",2021-11-17
465,"Shares of Everest Re Group Ltd. rose 1.10% to $278.54 Tuesday, on what proved to be an all-around favorable trading session for the stock market, with the...",2021-11-16
466,"Longleaf Partners Fund, a Memphis-based fund under Southeastern Asset Management, published its “Longleaf Partners Small-Cap Fund” third quarter 2021 investor letter – a copy of which can be downloaded here. Longleaf Partners Small-Cap Fund fell 4.20% in the third quarter, narrowly ahead of the Russell 2000 Index’s 4.36% decline in the period. The Fund has delivered […]",2021-11-16
467,"Shares of Everest Re Group Ltd. inched 0.49% higher to $275.50 Monday, on what proved to be an all-around poor trading session for the stock market, with the...",2021-11-15
468,"Shares of Everest Re Group Ltd. inched 0.49% higher to $274.15 Friday, on what proved to be an all-around great trading session for the stock market, with...",2021-11-12
469,"Shares of Everest Re Group Ltd. inched 0.92% higher to $272.82 Thursday, on what proved to be an all-around mixed trading session for the stock market, with...",2021-11-11
470,"Many veterans defrauded by their colleges have seen loan forgiveness under the Biden administration, yet advocates say far more still needs to be done. ",2021-11-11
471,"Shares of Everest Re Group Ltd. sank 0.78% to $270.32 Wednesday, on what proved to be an all-around grim trading session for the stock market, with the S&P...",2021-11-10
472,"Shares of Everest Re Group Ltd. shed 0.46% to $272.44 Tuesday, on what proved to be an all-around dismal trading session for the stock market, with the S&P...",2021-11-09
473,"With a price-to-earnings (or ""P/E"") ratio of 10.8x Everest Re Group, Ltd. (NYSE:RE) may be sending bullish signals at the moment, given that almost half of all companies in the United States have P/E ratios greater than 19x and even P/E's higher than 39x are not unusual.  Althou",2021-11-09
474,"Shares of Everest Re Group Ltd. inched 0.05% higher to $273.69 Monday, on what proved to be an all-around favorable trading session for the stock market,...",2021-11-08
475,"Shares of Everest Re Group Ltd. rose 1.76% to $273.55 Friday, on what proved to be an all-around positive trading session for the stock market, with the S&P...",2021-11-05
476,"Shares of Everest Re Group Ltd. slid 1.88% to $268.81 Thursday, on what proved to be an all-around mixed trading session for the stock market, with the S&P...",2021-11-04
477,"Industry Conditions.The worldwide reinsurance and insurance businesses are highly competitive, aswell as cyclical by product and market. As such, financial results tend tofluctuate with periods... | November 4, 2021",2021-11-04
478,"Shares of Everest Re Group Ltd. inched 0.06% higher to $273.97 Wednesday, on what proved to be an all-around favorable trading session for the stock market,...",2021-11-03
479,"Shares of Everest Re Group Ltd. rose 3.16% to $273.81 Tuesday, on what proved to be an all-around positive trading session for the stock market, with the S&P...",2021-11-02
480,"Shares of Everest Re Group Ltd. rose 1.50% to $265.42 Monday, on what proved to be an all-around positive trading session for the stock market, with the S&P...",2021-11-01
481,The Oracle of Omaha likes the business this company is in. It's just too small for Berkshire's $300 billion portfolio.,2021-10-30
482,"Shares of Everest Re Group Ltd. shed 2.21% to $261.50 Friday, on what proved to be an all-around positive trading session for the stock market, with the S&P...",2021-10-29
483,Managing the catastrophe exposure using third-party capital and retrocession may only become more important for Everest Re (RE). Click here to know more...,2021-10-29
484,"The Everest executives leading today's call are Juan Andrade, President, and Chief Executive Officer; Mark Kociancic, Executive Vice President and Chief Financial Officer.  Before we begin, I will preface the comments on today's call.",2021-10-28
485,"Shares of Everest Re Group Ltd. slipped 4.56% to $267.40 Thursday, on what proved to be an all-around positive trading session for the stock market, with the...",2021-10-28
486,"The following slide deck was published by Everest Re Group, Ltd.",2021-10-28
487,"Everest Re Group, Ltd. (NYSE:RE) Q3 2021 Earnings Conference Call October 28, 2021 08:00 AM ET Company Participants Jon Levenson - Head of Investor Relations Juan Andrade - President &amp;...",2021-10-28
488,"Everest Re (RE) Q3 results reflect higher premiums and net investment income. However, higher catastrophe loss stemming from Hurricane Ida and European Floods offset the upside.",2021-10-28
489,"Annualized 13.2% Notes 1/ Refer to the reconciliation of net income to net operating incomefound on page 7 of this ... | October 28, 2021",2021-10-28
490,"HAMILTON, Bermuda, October 27, 2021--Everest Re Group, Ltd. (""Everest"" or the ""Company"") today reported its 2021 third quarter results.",2021-10-27
491,"Shares of Everest Re Group Ltd. slipped 2.25% to $280.18 Wednesday, on what proved to be an all-around dismal trading session for the stock market, with the...",2021-10-27
492,"(RTTNews) - Below are the earnings highlights for Everest Re Group, Ltd. (RE):",2021-10-27
493,"HAMILTON, Bermuda _ Everest Re Group Ltd. on Wednesday reported a loss of $73.5 million in its third quarter. On a per-share basis, the Hamilton, Bermuda-based company said it had... | October 27, 2021",2021-10-27
494,"HAMILTON, Bermuda, October 27, 2021--Everest Re Group, Ltd. (""Everest"" or the ""Company"") (NYSE:RE) announced today that reinsurance industry leader Jill Beggs will join the company as Senior Vice President and Head of North America Reinsurance effective November 15, 2021. Beggs will oversee the strategic direction of Everest’s reinsurance business in the United States, Canada, and Bermuda, and will report directly to Jim Williamson, Everest Group COO and Head of Reinsurance. This newly created r",2021-10-27
495," 
Companies Reporting Before The Bell
• McDonald's (NYSE:MCD) is expected to report quarterly earnings at $2.46 per share on revenue of $6.03 billion.
• General...",2021-10-27
496,"Shares of Everest Re Group Ltd. rallied 1.41% to $286.62 Tuesday, on what proved to be an all-around favorable trading session for the stock market, with the...",2021-10-26
497,"Shares of Everest Re Group Ltd. inched 0.61% higher to $282.64 Monday, on what proved to be an all-around positive trading session for the stock market, with...",2021-10-25
498,"Everest Re's (RE) Q3 results are likely to benefit from rate increases, strong renewal retention, new business, and higher net investment income, offset by higher cat loss.",2021-10-25
499,"Shares of Everest Re Group Ltd. inched 0.48% higher to $280.92 Friday, on what proved to be an all-around mixed trading session for the stock market, with...",2021-10-22
500,"Shares of Everest Re Group Ltd. inched 0.20% higher to $279.58 Thursday, on what proved to be an all-around mixed trading session for the stock market, with...",2021-10-21
501,"Shares of Everest Re Group Ltd. inched 0.86% higher to $279.01 Wednesday, on what proved to be an all-around positive trading session for the stock market,...",2021-10-20
502,"Shares of Everest Re Group Ltd. inched 0.10% higher to $276.64 Tuesday, on what proved to be an all-around positive trading session for the stock market,...",2021-10-19
503,"Shares of Everest Re Group Ltd. dropped 0.76% to $276.35 Monday, on what proved to be an all-around mixed trading session for the stock market, with the S&P...",2021-10-18
504,"Everest Re Group (RE) estimates preliminary third-quarter pre-tax catastrophe loss of $635 million, primarily constituting $335 million cat loss from Hurricane Ida and $220 million from European floods.",2021-10-18
505,In this article we will check out the progression of hedge fund sentiment towards Everest Re Group Ltd (NYSE:RE) and determine whether it is a good investment right now. We at Insider Monkey like to examine what billionaires and hedge funds think of a company before spending days of research on it. Given their 2 […],2021-10-18
506,"Shares of Everest Re Group Ltd. inched 0.21% higher to $278.46 Friday, on what proved to be an all-around favorable trading session for the stock market,...",2021-10-15
507,"Shares of Everest Re Group Ltd. advanced 4.39% to $277.87 Thursday, on what proved to be an all-around great trading session for the stock market, with the...",2021-10-14
508,Looking for stock market analysis and research with proves results? Zacks.com offers in-depth financial research with over 30years of proven results.,2021-10-14
509,"Financial stocks were finishing near their intra-day higher, with the NYSE Financial Index Thursday rising 1.3% this afternoon while the SPDR Financial Select Sector ETF (XLF) was ahead 1.5%.",2021-10-14
510,,2021-10-14
511,"Financial stocks were advancing in afternoon trading, with the NYSE Financial Index Thursday rising 1.1% while the SPDR Financial Select Sector ETF (XLF) was ahead 1.2%.",2021-10-14
512,"HAMILTON, Bermuda, October 14, 2021--Everest Re Group, Ltd. (""Everest"" or the ""Company"") (NYSE:RE) announced today preliminary third quarter 2021 catastrophe losses in advance of its full quarterly earnings to be released on October 27, 2021.",2021-10-14
513,"1 NEWS RELEASE EVEREST RE GROUP,LTD. Seon Place, 141 Front Street, 4 ... | October 14, 2021",2021-10-14
514,By Colin Kellaher Everest Re Group Ltd. on Thursday said Hurricane Ida and flooding in Europe will result in estimated pretax catastrophe losses of $635...,2021-10-14
515,"(RTTNews) - Everest Re Group, Ltd. (RE), a global provider of reinsurance and insurance, said it is estimating total pre-tax net catastrophe losses of $635 million for the third quarter 2021. The company released the preliminary third quarter catastrophe losses in advance of its",2021-10-14
516,"Everest Re Group, Ltd. announced today preliminary third quarter 2021 catastrophe losses in advance of its full quarterly earnings to be released on October 27, 2021.Everest is estimating total... | October 14, 2021",2021-10-14
517,"Everest Re Group, announc... RE",2021-10-14
518,"Shares of Everest Re Group Ltd. inched 0.15% higher to $266.19 Wednesday, on what proved to be an all-around mixed trading session for the stock market, with...",2021-10-13
519,"Shares of Everest Re Group Ltd. inched 0.13% higher to $265.79 Tuesday, on what proved to be an all-around grim trading session for the stock market, with...",2021-10-12
520,"Shares of Everest Re Group Ltd. shed 1.18% to $265.44 Monday, on what proved to be an all-around poor trading session for the stock market, with the S&P 500...",2021-10-11
521,"Shares of Everest Re Group Ltd. inched 0.95% higher to $268.60 Friday, on what proved to be an all-around grim trading session for the stock market, with the...",2021-10-08
522,"the online investor,RE,TPR,",2021-10-08
523,"Shares of Everest Re Group Ltd. rose 2.00% to $266.07 Thursday, on what proved to be an all-around positive trading session for the stock market, with the...",2021-10-07
524,"Shares of Everest Re Group Ltd. rose 1.99% to $260.85 Wednesday, on what proved to be an all-around positive trading session for the stock market, with the...",2021-10-06
525,"Shares of Everest Re Group Ltd. rose 2.14% to $255.77 Tuesday, on what proved to be an all-around favorable trading session for the stock market, with the...",2021-10-05
526,"When you buy and hold a stock for the long term, you definitely want it to provide a positive return. Better yet, you'd...",2021-10-04
527,"Shares of Everest Re Group Ltd. sank 0.64% to $250.41 Monday, on what proved to be an all-around dismal trading session for the stock market, with the S&P...",2021-10-04
528,"THE BANK OF NEW YORK MELLON, AS SUCCESSOR IN INTEREST TO JPMORGAN CHASE BANK Trustee SIXTH SUPPLEMENTAL INDENTURE ... | October 4, 2021",2021-10-04
529,"Item 1.01 Entry Into a Material Definitive Agreement. On October 4, 2021,Everest Reinsurance Holdings, Inc. , the wholly-ownedsubsidiary of Everest Re Group, Ltd. completed the public offering and... | October 4, 2021",2021-10-04
530,"Shares of Everest Re Group Ltd. inched 0.50% higher to $252.03 Friday, on what proved to be an all-around positive trading session for the stock market, with...",2021-10-01
531,"In trading on Friday, shares of Everest Re Group Ltd (Symbol: RE) crossed below their 200 day moving average of $250.56, changing hands as low as $248.63 per share.  Everest Re Group Ltd shares are currently trading down about 0.3% on the day.  The chart below shows the one yea",2021-10-01
532,"Shares of Everest Re Group Ltd. dropped 0.89% to $250.78 Thursday, on what proved to be an all-around rough trading session for the stock market, with the...",2021-09-30
533,Everest Re (RE) displays prudence by issuing senior notes amid a low interest rate environment to procure funds.,2021-09-30
534,"HAMILTON, Bermuda, September 29, 2021--Everest Re Group, Ltd. (""Everest"" or the ""Company"") (NYSE:RE) announced today that its wholly-owned subsidiary, Everest Reinsurance Holdings, Inc. (""Holdings""), priced a registered public offering of $1.0 billion aggregate principal amount of 3.125% Senior Notes due 2052 of Holdings (the ""Notes"").",2021-09-29
535,"Shares of Everest Re Group Ltd. sank 0.53% to $253.04 Wednesday, on what proved to be an all-around positive trading session for the stock market, with the...",2021-09-29
536,"Everest Re Group, Ltd. announced today that its wholly-owned subsidiary, Everest Reinsurance Holdings, Inc. , priced a registered public offering of $1.0 billion aggregate principal amount of... | September 29, 2021",2021-09-29
537,"Shares of Everest Re Group Ltd. slipped 1.74% to $254.39 Tuesday, on what proved to be an all-around rough trading session for the stock market, with the S&P...",2021-09-28
538,"Shares of Everest Re Group Ltd. rallied 1.23% to $258.89 Monday, on what proved to be an all-around mixed trading session for the stock market, with the Dow...",2021-09-27
